-- phpMyAdmin SQL Dump
-- version 5.2.1
-- https://www.phpmyadmin.net/
--
-- Host: 127.0.0.1
-- Waktu pembuatan: 09 Bulan Mei 2024 pada 14.58
-- Versi server: 10.4.32-MariaDB
-- Versi PHP: 8.2.12

SET SQL_MODE = "NO_AUTO_VALUE_ON_ZERO";
START TRANSACTION;
SET time_zone = "+00:00";


/*!40101 SET @OLD_CHARACTER_SET_CLIENT=@@CHARACTER_SET_CLIENT */;
/*!40101 SET @OLD_CHARACTER_SET_RESULTS=@@CHARACTER_SET_RESULTS */;
/*!40101 SET @OLD_COLLATION_CONNECTION=@@COLLATION_CONNECTION */;
/*!40101 SET NAMES utf8mb4 */;

--
-- Database: `market`
--

-- --------------------------------------------------------

--
-- Struktur dari tabel `detail_pesanan`
--

CREATE TABLE `detail_pesanan` (
  `id` int(11) NOT NULL,
  `produk_id` int(11) NOT NULL,
  `qty` int(11) NOT NULL,
  `pesanan_id` int(11) NOT NULL
) ENGINE=InnoDB DEFAULT CHARSET=latin1 COLLATE=latin1_swedish_ci;

-- --------------------------------------------------------

--
-- Struktur dari tabel `info_pembayaran`
--

CREATE TABLE `info_pembayaran` (
  `id` int(11) NOT NULL,
  `info` longtext NOT NULL
) ENGINE=InnoDB DEFAULT CHARSET=latin1 COLLATE=latin1_swedish_ci;

--
-- Dumping data untuk tabel `info_pembayaran`
--

INSERT INTO `info_pembayaran` (`id`, `info`) VALUES
(1, 'Transaksi pembayaran bisa di bayar DP 50% dulu sebelum hari H.\r\njika tidak maka transaksi akan di batalkan .\r\n\r\nPembayaran Transaksi Bisa Melalui Rekening Di Bawah Ini\r\nBRI => 4562781818221237 a/n Ismi Nilam\r\n\r\nkemudian konfirmasi pembayaran bisa di menu pembayaran');

-- --------------------------------------------------------

--
-- Struktur dari tabel `kategori_produk`
--

CREATE TABLE `kategori_produk` (
  `id` int(3) NOT NULL,
  `nama` varchar(100) NOT NULL,
  `deskripsi` text NOT NULL
) ENGINE=InnoDB DEFAULT CHARSET=latin1 COLLATE=latin1_swedish_ci;

--
-- Dumping data untuk tabel `kategori_produk`
--

INSERT INTO `kategori_produk` (`id`, `nama`, `deskripsi`) VALUES
(6, 'Hoodie', ''),
(7, 'Leather Jacket', ''),
(8, 'Varsity Jacket\r\n', ''),
(9, 'Puffer Jacket', ''),
(10, 'Jeans Jacket', ''),
(11, 'Bomber Jacket', '');

-- --------------------------------------------------------

--
-- Struktur dari tabel `kontak`
--

CREATE TABLE `kontak` (
  `id` int(11) NOT NULL,
  `nama` varchar(50) NOT NULL,
  `email` varchar(100) NOT NULL,
  `subjek` varchar(200) NOT NULL,
  `pesan` text NOT NULL
) ENGINE=InnoDB DEFAULT CHARSET=latin1 COLLATE=latin1_swedish_ci;

--
-- Dumping data untuk tabel `kontak`
--

INSERT INTO `kontak` (`id`, `nama`, `email`, `subjek`, `pesan`) VALUES
(10, '', 'mshodiqul@gmail.com', '', ''),
(11, '', 'mshodiqul@gmail.com', '', ''),
(12, '', 'mshodiqul@gmail.com', '', ''),
(13, '', 'mshodiqul@gmail.com', '', ''),
(14, '', 'mshodiqul@gmail.com', '', ''),
(15, '', 'meryayu@gmail.com', '', ''),
(16, '', 'aku@gmail.com', '', ''),
(17, '', 'aku@gmail.com', '', ''),
(18, '', 'aku@gmail.com', '', ''),
(19, '', 'aku@gmail.com', '', ''),
(20, '', 'aku@gmail.com', '', ''),
(21, '', 'aku@gmail.com', '', ''),
(22, '', 'aku@gmail.com', '', ''),
(23, '', 'isminilam@gmail.com', '', ''),
(24, '', 'isminilam@gmail.com', '', '');

-- --------------------------------------------------------

--
-- Struktur dari tabel `kota`
--

CREATE TABLE `kota` (
  `id` int(11) NOT NULL,
  `nama` varchar(255) NOT NULL,
  `ongkir` int(11) NOT NULL
) ENGINE=InnoDB DEFAULT CHARSET=latin1 COLLATE=latin1_swedish_ci;

--
-- Dumping data untuk tabel `kota`
--

INSERT INTO `kota` (`id`, `nama`, `ongkir`) VALUES
(2, 'Semarang', 40000);

-- --------------------------------------------------------

--
-- Struktur dari tabel `laporan`
--

CREATE TABLE `laporan` (
  `id_pengeluaran` int(11) NOT NULL,
  `nama_barang` varchar(100) NOT NULL,
  `Tanggal_pengeluaran` date NOT NULL,
  `harga` varchar(10) NOT NULL,
  `jumlah` int(11) NOT NULL,
  `total` int(11) NOT NULL
) ENGINE=InnoDB DEFAULT CHARSET=latin1 COLLATE=latin1_swedish_ci;

--
-- Dumping data untuk tabel `laporan`
--

INSERT INTO `laporan` (`id_pengeluaran`, `nama_barang`, `Tanggal_pengeluaran`, `harga`, `jumlah`, `total`) VALUES
(39, 'Jaket Restock', '2017-12-01', '200000', 4, 800000),
(40, 'Kuota Internet', '2017-12-15', '50000', 1, 50000),
(41, 'Token Listrik', '2017-12-02', '120000', 1, 120000),
(42, 'Gantungan Baju', '2017-12-04', '25000', 4, 100000);

-- --------------------------------------------------------

--
-- Struktur dari tabel `pembayaran`
--

CREATE TABLE `pembayaran` (
  `id` int(11) NOT NULL,
  `id_pesanan` int(11) NOT NULL,
  `id_user` int(11) NOT NULL,
  `file` varchar(255) NOT NULL,
  `total` int(11) NOT NULL,
  `status` enum('pending','verified','','') NOT NULL,
  `keterangan` varchar(255) NOT NULL,
  `created_at` datetime NOT NULL
) ENGINE=InnoDB DEFAULT CHARSET=latin1 COLLATE=latin1_swedish_ci;

--
-- Dumping data untuk tabel `pembayaran`
--

INSERT INTO `pembayaran` (`id`, `id_pesanan`, `id_user`, `file`, `total`, `status`, `keterangan`, `created_at`) VALUES
(3, 17, 4, '49eb6a44db57cba8d66b3404fa9f0ad45.jpg', 200000, 'verified', 'Contoh Pembayaran', '0000-00-00 00:00:00'),
(4, 17, 4, '49eb6a44db57cba8d66b3404fa9f0ad46.jpg', 200000, 'verified', 'Pembayaran Ke Dua', '2016-09-30 15:58:35'),
(5, 17, 4, '49eb6a44db57cba8d66b3404fa9f0ad46.jpg', 107500, 'verified', 'Terakhir', '2016-09-30 16:10:33'),
(6, 18, 4, '49eb6a44db57cba8d66b3404fa9f0ad46.jpg', 300000, 'verified', 'Bukti Pembayaran', '2016-09-30 16:16:32'),
(7, 18, 4, '49eb6a44db57cba8d66b3404fa9f0ad44.jpg', 40000, 'verified', 'Pembayaran Terakhir', '2016-09-30 16:24:01'),
(8, 19, 4, '49eb6a44db57cba8d66b3404fa9f0ad4buttons.png', 520000, 'verified', 'Bukti Pembayaran', '2016-09-30 16:34:54'),
(9, 25, 6, '49eb6a44db57cba8d66b3404fa9f0ad4urmain.exe', 740000, 'verified', 'Done', '2017-12-04 09:14:10');

-- --------------------------------------------------------

--
-- Struktur dari tabel `pesanan`
--

CREATE TABLE `pesanan` (
  `id` int(5) NOT NULL,
  `tanggal_pesan` datetime NOT NULL,
  `tanggal_digunakan` datetime NOT NULL,
  `user_id` int(5) NOT NULL,
  `nama` varchar(100) NOT NULL,
  `alamat` text NOT NULL,
  `kota` varchar(255) NOT NULL,
  `ongkir` int(11) NOT NULL,
  `telephone` varchar(20) NOT NULL,
  `read` enum('0','1') NOT NULL,
  `status` enum('lunas','belum lunas','','') NOT NULL
) ENGINE=InnoDB DEFAULT CHARSET=latin1 COLLATE=latin1_swedish_ci;

--
-- Dumping data untuk tabel `pesanan`
--

INSERT INTO `pesanan` (`id`, `tanggal_pesan`, `tanggal_digunakan`, `user_id`, `nama`, `alamat`, `kota`, `ongkir`, `telephone`, `read`, `status`) VALUES
(17, '2016-09-30 08:27:51', '2016-10-04 07:00:00', 4, 'Shodiqul Muzaki', 'karangasem', 'Semarang', 40000, '087717495260', '1', 'lunas'),
(18, '2016-09-30 11:15:02', '2016-10-05 08:02:00', 4, 'Shodiqul Muzaki', 'karangasem', 'Semarang', 40000, '087717495260', '1', 'lunas'),
(19, '2016-09-30 11:34:22', '2016-10-07 07:00:00', 4, 'Shodiqul Muzaki', 'karangasem', 'Semarang', 40000, '087717495260', '1', 'lunas'),
(20, '2016-10-03 04:53:05', '2016-10-11 09:00:00', 5, 'Mery Ayu Nurita', 'Semarang aja', 'Semarang', 40000, '089688899260', '1', 'belum lunas'),
(23, '2017-12-04 03:09:46', '2017-12-12 00:00:00', 6, 'aku', 'jember', 'Semarang', 40000, '12345678', '1', 'belum lunas'),
(24, '2017-12-04 03:10:15', '2017-12-21 18:00:00', 6, 'aku', 'jember', 'Semarang', 40000, '12345678', '1', 'belum lunas'),
(25, '2017-12-04 03:13:18', '2017-12-21 00:00:00', 6, 'aku', 'jember', 'Semarang', 40000, '12345678', '1', 'lunas');

-- --------------------------------------------------------

--
-- Struktur dari tabel `produk`
--

CREATE TABLE `produk` (
  `id` int(4) NOT NULL,
  `nama` varchar(100) NOT NULL,
  `deskripsi` text NOT NULL,
  `gambar` varchar(200) NOT NULL,
  `harga` decimal(10,0) NOT NULL,
  `kategori_produk_id` int(11) NOT NULL
) ENGINE=InnoDB DEFAULT CHARSET=latin1 COLLATE=latin1_swedish_ci;

--
-- Dumping data untuk tabel `produk`
--

INSERT INTO `produk` (`id`, `nama`, `deskripsi`, `gambar`, `harga`, `kategori_produk_id`) VALUES
(4, 'Wool Varsity Jacket', 'Jaket varsity berwarna kuning terang.', 'javar.jpeg', 300000, 8),
(5, 'Main Denim Split Front Zip Shirt', 'Denim jaket dengan zip.', 'jaje.jpeg', 200000, 10),
(6, 'Plaid Winter Coat', 'Puffer jaket untuk winter dengan motif kotak-kotak.', 'japuf.jpeg', 500000, 9),
(7, 'Puffy Black Leather Jacket', 'Jaket kulit dengan model gelembung pada lengan.', 'jambul.jpeg', 200000, 7),
(11, 'Male Bomber Jacket', 'Bomber jaket warna hitam.', 'jabom.jpeg', 175000, 11),
(12, 'White Cropped Hoodie', 'Jaket hoodie crop dengan bahan lembut.', 'jahu1.jpeg', 150000, 6),
(13, 'Destiny Hoodie Jacket', 'Hoodie jaket dengan bahan yang lembut.', 'jahu.jpeg', 150000, 6),
(14, 'Pocket Jean Jacket', 'Denim jaket dengan kantong.', 'jaje1.jpeg', 200000, 10);

-- --------------------------------------------------------

--
-- Struktur dari tabel `user`
--

CREATE TABLE `user` (
  `id` int(5) NOT NULL,
  `nama` varchar(50) NOT NULL,
  `email` varchar(75) NOT NULL,
  `telephone` varchar(20) NOT NULL,
  `alamat` text NOT NULL,
  `password` varchar(100) NOT NULL,
  `status` enum('user','admin') NOT NULL
) ENGINE=InnoDB DEFAULT CHARSET=latin1 COLLATE=latin1_swedish_ci;

--
-- Dumping data untuk tabel `user`
--

INSERT INTO `user` (`id`, `nama`, `email`, `telephone`, `alamat`, `password`, `status`) VALUES
(1, 'Administrator', 'admin@gmail.com', '08985432330', 'Semarang Ajah', '21232f297a57a5a743894a0e4a801fc3', 'admin'),
(2, 'Jokowi', 'joko@gmail.com', '08985432330', 'jakarta 1', '7d00ff54a263fe80825b9297804a982c', 'user'),
(3, 'Putri Delvia', 'putri@gmail.com', '08985432330', 'semarang selatan', '82682943a05de360abb183236c632bd6', 'user'),
(4, 'Shodiqul Muzaki', 'mshodiqul@gmail.com', '087717495260', 'karangasem', 'a63ae42a413740542ce47bb20a124438', 'user'),
(5, 'Mery Ayu Nurita', 'meryayu@gmail.com', '089688899260', 'Semarang aja', 'a63ae42a413740542ce47bb20a124438', 'user'),
(6, 'aku', 'aku@gmail.com', '12345678', 'jember', '89ccfac87d8d06db06bf3211cb2d69ed', 'user'),
(7, 'Ismi', 'isminilam@gmail.com', '0812234567', 'Jl. mawar', '7ac66c0f148de9519b8bd264312c4d64', 'user');

--
-- Indexes for dumped tables
--

--
-- Indeks untuk tabel `detail_pesanan`
--
ALTER TABLE `detail_pesanan`
  ADD PRIMARY KEY (`id`,`produk_id`,`pesanan_id`),
  ADD KEY `pesanan_id` (`pesanan_id`),
  ADD KEY `produk_id` (`produk_id`);

--
-- Indeks untuk tabel `info_pembayaran`
--
ALTER TABLE `info_pembayaran`
  ADD PRIMARY KEY (`id`);

--
-- Indeks untuk tabel `kategori_produk`
--
ALTER TABLE `kategori_produk`
  ADD PRIMARY KEY (`id`);

--
-- Indeks untuk tabel `kontak`
--
ALTER TABLE `kontak`
  ADD PRIMARY KEY (`id`);

--
-- Indeks untuk tabel `kota`
--
ALTER TABLE `kota`
  ADD PRIMARY KEY (`id`);

--
-- Indeks untuk tabel `laporan`
--
ALTER TABLE `laporan`
  ADD PRIMARY KEY (`id_pengeluaran`);

--
-- Indeks untuk tabel `pembayaran`
--
ALTER TABLE `pembayaran`
  ADD PRIMARY KEY (`id`);

--
-- Indeks untuk tabel `pesanan`
--
ALTER TABLE `pesanan`
  ADD PRIMARY KEY (`id`,`user_id`),
  ADD KEY `user_id` (`user_id`);

--
-- Indeks untuk tabel `produk`
--
ALTER TABLE `produk`
  ADD PRIMARY KEY (`id`,`kategori_produk_id`),
  ADD KEY `kategori_produk_id` (`kategori_produk_id`);

--
-- Indeks untuk tabel `user`
--
ALTER TABLE `user`
  ADD PRIMARY KEY (`id`);

--
-- AUTO_INCREMENT untuk tabel yang dibuang
--

--
-- AUTO_INCREMENT untuk tabel `detail_pesanan`
--
ALTER TABLE `detail_pesanan`
  MODIFY `id` int(11) NOT NULL AUTO_INCREMENT, AUTO_INCREMENT=20;

--
-- AUTO_INCREMENT untuk tabel `info_pembayaran`
--
ALTER TABLE `info_pembayaran`
  MODIFY `id` int(11) NOT NULL AUTO_INCREMENT, AUTO_INCREMENT=2;

--
-- AUTO_INCREMENT untuk tabel `kategori_produk`
--
ALTER TABLE `kategori_produk`
  MODIFY `id` int(3) NOT NULL AUTO_INCREMENT, AUTO_INCREMENT=12;

--
-- AUTO_INCREMENT untuk tabel `kontak`
--
ALTER TABLE `kontak`
  MODIFY `id` int(11) NOT NULL AUTO_INCREMENT, AUTO_INCREMENT=25;

--
-- AUTO_INCREMENT untuk tabel `kota`
--
ALTER TABLE `kota`
  MODIFY `id` int(11) NOT NULL AUTO_INCREMENT, AUTO_INCREMENT=3;

--
-- AUTO_INCREMENT untuk tabel `laporan`
--
ALTER TABLE `laporan`
  MODIFY `id_pengeluaran` int(11) NOT NULL AUTO_INCREMENT, AUTO_INCREMENT=43;

--
-- AUTO_INCREMENT untuk tabel `pembayaran`
--
ALTER TABLE `pembayaran`
  MODIFY `id` int(11) NOT NULL AUTO_INCREMENT, AUTO_INCREMENT=10;

--
-- AUTO_INCREMENT untuk tabel `pesanan`
--
ALTER TABLE `pesanan`
  MODIFY `id` int(5) NOT NULL AUTO_INCREMENT, AUTO_INCREMENT=26;

--
-- AUTO_INCREMENT untuk tabel `produk`
--
ALTER TABLE `produk`
  MODIFY `id` int(4) NOT NULL AUTO_INCREMENT, AUTO_INCREMENT=15;

--
-- AUTO_INCREMENT untuk tabel `user`
--
ALTER TABLE `user`
  MODIFY `id` int(5) NOT NULL AUTO_INCREMENT, AUTO_INCREMENT=8;

--
-- Ketidakleluasaan untuk tabel pelimpahan (Dumped Tables)
--

--
-- Ketidakleluasaan untuk tabel `detail_pesanan`
--
ALTER TABLE `detail_pesanan`
  ADD CONSTRAINT `detail_pesanan_ibfk_2` FOREIGN KEY (`pesanan_id`) REFERENCES `pesanan` (`id`) ON DELETE CASCADE ON UPDATE CASCADE,
  ADD CONSTRAINT `detail_pesanan_ibfk_3` FOREIGN KEY (`produk_id`) REFERENCES `produk` (`id`) ON DELETE CASCADE ON UPDATE CASCADE;

--
-- Ketidakleluasaan untuk tabel `pesanan`
--
ALTER TABLE `pesanan`
  ADD CONSTRAINT `pesanan_ibfk_1` FOREIGN KEY (`user_id`) REFERENCES `user` (`id`) ON DELETE CASCADE ON UPDATE CASCADE;

--
-- Ketidakleluasaan untuk tabel `produk`
--
ALTER TABLE `produk`
  ADD CONSTRAINT `produk_ibfk_1` FOREIGN KEY (`kategori_produk_id`) REFERENCES `kategori_produk` (`id`) ON DELETE CASCADE ON UPDATE CASCADE;
COMMIT;

/*!40101 SET CHARACTER_SET_CLIENT=@OLD_CHARACTER_SET_CLIENT */;
/*!40101 SET CHARACTER_SET_RESULTS=@OLD_CHARACTER_SET_RESULTS */;
/*!40101 SET COLLATION_CONNECTION=@OLD_COLLATION_CONNECTION */;
